<?xml version="1.0" encoding="UTF-8"?>
    <addon id="repository.aicgod" name="=AICGODs Addon Repository" version="0.1.1" provider-name="AICGOD">
        <requires>
            <import addon="xbmc.addon" version="12.0.0"/>
        </requires>
        <extension point="xbmc.addon.repository" name="AICGODs Addon Repository">
            <info compressed="false">http://raw.github.com/aicgod/aicgods-Addon-Repository/_repo/addons.xml</info>
            <checksum>http://raw.github.com/aicgod/aicgods-Addon-Repository/_repo/addons.xml.md5</checksum>
            <datadir zip="true">http://raw.github.com/aicgod/aicgods-Addon-Repository/_repo/</datadir>
            <hashes>false</hashes>
        </extension>
        <extension point="xbmc.addon.metadata">
            <summary>AICGODs Addon Repository</summary>
            <description>AICGODs Addon Repository</description>
            <platform>all</platform>
    </extension>
</addon>